Index,Mutant Name,Researcher,Date of Transformation,Image of transformation plate,Colonies on transformation plate,Growth pellet weight (mg),Expression pellet weight (mg),Yield (mg/mL),Spectral scan image,Gel image,Gel purity
,WT,Mary,8/11/2015,Missing,25,297,274,0.277,Y,,
1,C167A,Bill,8/3/2015,http://imgur.com/gJGEhsm,40,,200,0.77,Y,,
2,E164A,NO PLASMID,,,,,,,,,
3,E222A,Natalie,10/5/2015,,,,,,,,
4,E53A,Bill,8/3/2015,http://imgur.com/ueVhrFR,50,300,200,0.251,Y,,
5,H178A,Bill,8/3/2015,http://imgur.com/4IY6lXU,12,300,200,0.142,Y,,
6,L171A,Bill,8/3/2015,http://imgur.com/v5Ai2qt,31,300,200,0.495,Y,,
7,M323A,Bill,8/3/2015,http://imgur.com/bnWcHYC,>100,300,300,0.684,Y,,
8,N220A,Natalie,10/5/2015,,,,,,,,
9,N293A,NO PLASMID,,,,,,,,,
10,Q19A,Bill,8/3/2015,http://imgur.com/eEyfcmi,>100,300,200,0.539,Y,,
11,R240A,Bill,8/3/2015,http://imgur.com/6BuHLiJ,>100,200,200,0.501,Y,,
12,R76A,Bill,7/27/2015,http://i.imgur.com/D1rITIT.jpg,18,Missing,Missing,0.163,,,
13,S16A,Bill,7/27/2015,http://imgur.com/9Zu0908,10,Missing,Missing,0.376,,,
14,S400A,Bill,7/27/2015,http://imgur.com/jtZouKV,33,Missing,Missing,0.275,,,
15,T296A,Bill,8/3/2015,http://imgur.com/kolJPoQ,>100,300,200,0.28,Y,,
16,W120A,Siena,9/28/2015,http://imgur.com/mImxo27,41,110,126,0.22,Y,,
17,W325A,Siena,9/28/2015,http://imgur.com/bzDDjFW,56,219.3,189,0.216,Y,,
18,W34A,Siena,9/28/2015,http://imgur.com/aj5BKYu,67,294,410,0.184,Y,,
19,W409A,,,,,,,,,,
20,W407Q,Natalie,10/25/2015,,,,,,,,
21,M323K,Siena,9/28/2015,http://imgur.com/lifzvdV,36,237,453,0.173,Y,,
22,W407G,Siena,9/28/2015,http://imgur.com/qM4M36j,44,288,421,0.276,Y,,
23,W407R,Siena,10/26/2015,,8,137,206,0.502,,,
24,C167A (same as cell #1),,,,,,,,,,
25,W120F,Bill,10/27/2015,http://imgur.com/NJ0WGVk,39,386,324,0.262,,,
26,Q313R,NO PLASMID,,,,,,,,,
27,W407Q (same as cell #23),,,,,,,,,,
28,E406D,Bill,10/27/2015,http://imgur.com/oLselJG,15,57,154,0.555,,,
29,E17S,Bill,10/27/2015,http://imgur.com/sJ4VZ6c,27,325,315,0.202,,,
30,H315N,Bill,10/27/2015,http://imgur.com/afjJwSG,10,121,268,0.183,,,
31,C167Q,Bill,10/27/2015,http://imgur.com/ofjYcGK,30,202,247,0.264,,,
32,W325L,,,,,,,,,,
33,,NO PLASMID,,,,,,,,,
34,,NO PLASMID,,,,,,,,,
35,,NO PLASMID,,,,,,,,,
36,"N220D, N293D",Siena,10/26/2015,,7,236,330,0.016,,,
37,same as 36,,,,,,,,,,
38,"C167N, W120R",,,,,,,,,,
39,same as 38,,,,,,,,,,
40,H122E,Bill,10/20/2015,http://imgur.com/aFWt2Bx,7,271,534,0.168,Y,,
41,N223H,,,,,,,,,,
42,Y297F,,,,,,,,,,
43,E180K,,,,,,,,,,
44,E180L,Bill,10/20/2015,http://imgur.com/qP3e9Y6,3,286,355,0.232,Y,,
45,I303N,Bill,10/20/2015,http://imgur.com/hEHNbhf,9,240,343,0.204,Y,,
46,Q316R,Bill,10/20/2015,http://imgur.com/AVGgJ4y,5,214,336,0.218,Y,,
47,S334A,Siena ,9/22/2015,http://imgur.com/oIaQoDF,20,104,242,0.254,Y,,
48,A195S,Siena ,9/22/2015,http://imgur.com/Mc8us52,10,87,224,0.321,Y,,
49,L174R,Siena ,9/22/2015,http://imgur.com/xdstJ8r,2,86,218,0.369,Y,,
50,T178R,Bill,10/20/2015,http://imgur.com/sS2seXk,3,198,628,0.151,Y,,
51,I247N,Bill,10/20/2015,http://imgur.com/FZVmjCl,2,198,461,0.085,Y,,
52,Y169P,Siena ,9/22/2015,http://imgur.com/1vfDIUx,30,146,267,0.264,Y,,
53,F75H,Bill,10/20/2015,http://imgur.com/yBQiQOG,2,310,560,0.063,Y,,
54,W328L,Siena ,9/22/2015,http://imgur.com/YVycDoj,150,148,187,0.232,Y,,
55,Q22S,Siena ,9/22/2015,http://imgur.com/aiHfZ3D,25,137,270,0.183,Y,,
56,H122N,Siena ,9/22/2015,http://imgur.com/71myLWa,25,183,286,0.113,Y,,
57,N223G,Siena ,9/22/2015,http://imgur.com/sByIyny,30,159,256,0.264,Y,,
58,W328H,Bill,10/20/2015,http://imgur.com/MBP9QOr,3,233,590,0.218,Y,,
59,S19A,Bill,10/20/2015,http://bwchan.imgur.com/all/,3,223,504,0.445,Y,,
60,K344A,Bill,9/15/2015,http://imgur.com/n9J041r,21,250,300,1.049,Y,,
61,W402C,Bill,9/15/2015,http://imgur.com/XGJQs9G,22,250,300,1.551,Y,,
62,M361T,Bill,9/15/2015,http://imgur.com/SpnZy7i,51,250,200,1.1,Y,,
63,N407C,Bill,9/15/2015,http://imgur.com/mCDeDbm,13,250,300,0.907,Y,,
64,E426S,Bill,9/15/2015,http://imgur.com/lhwyYRP,21,250,500,1.19,Y,,
65,V55G,Bill,9/15/2015,http://imgur.com/RaamKNK,14,250,300,0.917,Y,,
66,W328C,Bill,9/15/2015,http://imgur.com/0W2zbEF,13,250,300,1.121,Y,,
67,N166D,Bill,9/15/2015,http://imgur.com/QNscIP1,11,250,300,1.019,Y,,
68,H101R,Bill,9/15/2015,http://imgur.com/yrFrpbU,47,250,300,1.5,Y,,
69,H379T,Bill,9/15/2015,http://imgur.com/zHi4wOM,14,250,200,0.657,Y,,
70,M261D,Bill,9/15/2015,http://imgur.com/yweFwXf,50,250,300,0.392,Y,,
71,H373R,Bill,9/22/2015,http://imgur.com/76hvWe1,26,250,600,1.831,Y,,
72,I91E,,,,,,,,,,
73,V147S,,,,,,,,,,
74,P329N,Natalie,10/25/2015,,,,,,,,
75,E154D,Bill,9/22/2015,http://imgur.com/F5I3lam,24,300,600,0.969,Y,,
76,H379R,Bill,9/22/2015,http://imgur.com/JfUQmor,12,400,500,0.211,Y,,
77,Q384R,Bill,10/20/2015,http://imgur.com/ABgRyZj,2,225,627,0.242,Y,,
78,A356A,Bill,9/22/2015,http://imgur.com/zjxNeKd,8,300,500,0.738,Y,,
79,A357A,NO PLASMID,,,,,,,,,
80,A408A,Bill,9/22/2015,http://imgur.com/NcWTJWk,11,300,500,1.197,Y,,
81,D403A,Bill,9/22/2015,http://imgur.com/299204C,4,200,400,0.187,Y,,
82,E177A,Bill,9/22/2015,http://imgur.com/l9de7i8,23,300,500,1.006,Y,,
83,E406A,Mary,10/5/2015,Missing,70,425,524,0.7575,Y,,
84,F405A,Mary,9/28/2015,Missing,5,91,159,0.1355,,,
85,F415A,Mary,9/28/2015,Missing,50,117,208,0.501,,,
86,G355A,Mary,9/28/2015,Missing,80,151,330,0.127,,,
87,H119A,Mary,9/28/2015,Missing,10,237,391,0.4755,,,
88,K413A,Mary,9/28/2015,Missing,30,34,151,0.7115,,,
89,L219A,Mary,9/28/2015,Missing,10,196,344,0.096,,,
90,M221A,Mary,10/5/2015,Missing,40,333,432,0.123,Y,,
91,N163A,Mary,9/28/2015,Missing,60,35,187,0.111,,,
92,N354A,Mary,9/28/2015,Missing,60,139,302,0.1425,,,
93,N404A,Mary,9/28/2015,Missing,40,167,298,0.8805,,,
94,S14A,Mary,9/28/2015,Missing,15,65,241,0.668,,,
95,S17A,Mary,9/28/2015,Missing,80,164,298,0.6255,,,
96,T15A,Bill,9/28/2015,http://imgur.com/uH1FNX6,4,236,502,0.619,Y,,
97,T218A,Bill,9/28/2015,http://imgur.com/JP7XQ4h,4,164,455,0.88,Y,,
98,T352A,Bill,9/28/2015,http://imgur.com/KLfB76v,6,165,453,0.504,Y,,
99,,Siena,10/26/2015,,6,159,246,0.333,,,
100,W407A,Bill,9/28/2015,http://imgur.com/8T7yw0V,5,140,515,0.182,Y,,
101,Y18A,Bill,9/28/2015,http://imgur.com/VEB5R0Z,10,123,475,0.59,Y,,
102,,Siena,10/26/2015,,1,239,373,0.677,,,
103,Y295A,Bill,10/20/2015,http://imgur.com/Fg7Rdsi,2,243,418,0.188,Y,,
104,,Bill,9/28/2015,http://imgur.com/xEcvaTx,2,123,525,0.291,Y,,
105,,Siena,10/26/2015,,4,121,400,0.262,,,
106,,Bill,9/28/2015,http://imgur.com/RHUr9RR,2,129,546,0.369,Y,,
107,,Mary,10/5/2015,Missing,13,265,315,0.095,Y,,
108,,Mary,10/5/2015,Missing,5,384,493,0.398,Y,,
109,,Mary,10/5/2015,Missing,10,197,340,0.146,Y,,
110,,Mary,10/5/2015,Missing,5,248,365,0.091,Y,,
111,,Mary,10/5/2015,Missing,25,331,391,0.1565,Y,,
112,,Mary,10/5/2015,Missing,45,215,309,0.119,Y,,
113,,Bill,10/5/2015,http://imgur.com/1CWSB4l,8,311,345,0.687,Y,,
114,,Bill,10/5/2015,http://imgur.com/MorA18r,3,95,558,0.479,Y,,
115,,Siena,10/26/2015,,10,157,325,0.329,,,
116,,Bill,10/5/2015,http://imgur.com/UPIFZTN,15,268,520,0.296,Y,,
117,,Bill,10/5/2015,http://imgur.com/sZc0Ytl,1,110,667,0.703,Y,,
118,,Bill,10/5/2015,http://imgur.com/UUNJChd,2,153,314,0.457,Y,,
119,,Bill,10/5/2015,http://imgur.com/iIckhtv,3,147,518,0.336,Y,,
120,,Siena,10/26/2015,,1,296,356,0.108,,,
121,,Bill,10/5/2015,http://imgur.com/gERKHZ9,1,106,463,0.354,Y,,
122,,Bill,10/5/2015,http://imgur.com/M509T5g,2,190,300,0.196,Y,,
123,,,,,,,,,,,
124,,Bill,10/5/2015,http://imgur.com/ciI13gF,16,123,900,0.249,Y,,
125,,Bill,10/5/2015,http://imgur.com/hn7mAwS,4,150,445,1.054,Y,,
126,,Bill,10/5/2015,http://imgur.com/OhCqTPH,9,92,387,0.934,Y,,
127,N293C,Mary,8/11/2015,Missing,118,Missing,305,0.324,Y,,
128,L362M,Mary,8/11/2015,Missing,89,Missing,317,0.326,Y,,
129,F415N,Mary,8/11/2015,Missing,142,Missing,369,0.245,Y,,
130,N293Q,Mary,8/11/2015,Missing,36,Missing,361,0.171,Y,,
131,N220Y,Mary,8/11/2015,Missing,30,Missing,280,0.461,Y,,
132,W409Y,Mary,8/11/2015,Missing,125,Missing,338,0.229,Y,,
133,W399R,Mary,8/11/2015,Missing,93,Missing,343,0.233,Y,,
134,H315E,Mary,8/11/2015,Missing,85,Missing,293,0.297,Y,,
135,S16N,Mary,8/11/2015,Missing,75,Missing,361,0.179,Y,,
136,H178R,Mary,8/11/2015,Missing,73,Missing,351,0.227,Y,,
137,N293D,Mary,8/11/2015,Missing,77,Missing,254,0.194,Y,,
138,N220R,Mary,8/11/2015,Missing,89,Missing,276,0.217,Y,,
139,Y294F,Mary,8/11/2015,Missing,79,Missing,311,0.195,Y,,
